Date,Average view duration
2026-01-01,0:00:00
2026-01-02,0:00:00
2026-01-03,0:00:00
2026-01-04,0:00:00
2026-01-05,0:00:00
2026-01-06,0:00:00
2026-01-07,0:00:00
2026-01-08,0:00:00
2026-01-09,0:00:00
2026-01-10,0:00:00
2026-01-11,0:00:00
2026-01-12,0:00:00
2026-01-13,0:00:00
2026-01-14,0:00:00
2026-01-15,0:00:00
2026-01-16,0:00:00
2026-01-17,0:00:00
2026-01-18,0:00:00
2026-01-19,0:00:00
2026-01-20,0:00:00
2026-01-21,0:00:00
2026-01-22,0:00:00
2026-01-23,0:00:00
2026-01-24,0:00:00
2026-01-25,0:00:00
2026-01-26,0:00:00
2026-01-27,0:00:00
2026-01-28,0:00:00
2026-01-29,0:00:00
2026-01-30,0:00:00
2026-01-31,0:00:00
2026-02-01,0:00:00
2026-02-02,0:00:00
2026-02-03,0:00:00
2026-02-04,0:00:00
2026-02-05,0:00:00
2026-02-06,0:00:00
2026-02-07,0:00:00
2026-02-08,0:00:00
2026-02-09,0:00:00
2026-02-10,0:00:00
2026-02-11,0:00:00
2026-02-12,0:00:00
2026-02-13,0:00:00
2026-02-14,0:00:00
2026-02-15,0:00:00
2026-02-16,0:00:00
2026-02-17,0:00:00
2026-02-18,0:00:00
2026-02-19,0:00:00
2026-02-20,0:00:00
2026-02-21,0:00:00
2026-02-22,0:00:18
2026-02-23,0:14:59
2026-02-24,0:06:38
2026-02-25,0:09:39
2026-02-26,0:13:58
2026-02-27,0:01:59
2026-02-28,0:26:28
2026-03-01,0:00:00
2026-03-02,0:09:30
2026-03-03,0:06:15
2026-03-04,0:17:14
2026-03-05,0:01:08
2026-03-06,0:01:35
2026-03-07,0:00:40
2026-03-08,0:02:13
2026-03-09,0:09:29
2026-03-10,0:00:24
2026-03-11,0:00:11
2026-03-12,0:00:54
2026-03-13,0:00:00
2026-03-14,0:07:10
2026-03-15,0:00:00
2026-03-16,0:09:48
2026-03-17,0:00:55
2026-03-18,0:01:33
2026-03-19,0:10:46
2026-03-20,0:02:49
2026-03-21,0:11:35
2026-03-22,0:36:14
2026-03-23,0:10:10
2026-03-24,0:13:23
2026-03-25,1:02:56
2026-03-26,0:16:34
2026-03-27,0:00:47
2026-03-28,0:00:10
2026-03-29,0:00:39
2026-03-30,0:00:13
2026-03-31,0:26:55
2026-04-01,
2026-04-02,0:00:00
2026-04-03,0:00:00
2026-04-04,0:06:34
2026-04-05,1:12:20
2026-04-06,0:00:00
2026-04-07,0:02:16
2026-04-08,0:00:00
2026-04-09,0:00:07
2026-04-10,0:05:33
2026-04-11,
2026-04-12,0:07:46
2026-04-13,0:00:53
2026-04-14,0:00:00
2026-04-15,0:09:16
2026-04-16,0:00:10
2026-04-17,0:00:00
2026-04-18,0:00:00
2026-04-19,0:00:00
2026-04-20,0:00:00
2026-04-21,0:00:00
2026-04-22,0:08:09
2026-04-23,0:02:32
2026-04-24,0:00:21
2026-04-25,0:00:00
2026-04-26,0:00:00
2026-04-27,0:00:09
2026-04-28,0:00:00
2026-04-29,0:00:08
2026-04-30,0:00:00
2026-05-01,0:01:05
2026-05-02,0:00:00
2026-05-03,0:00:00
2026-05-04,0:17:32
2026-05-05,0:00:38
2026-05-06,0:00:00
2026-05-07,0:00:00
2026-05-08,0:00:00
2026-05-09,0:00:00
2026-05-10,0:27:03
2026-05-11,0:00:00
2026-05-12,0:00:00
2026-05-13,
2026-05-14,0:00:14
2026-05-15,0:00:00
2026-05-16,0:01:51
2026-05-17,0:00:00
2026-05-18,0:00:00
2026-05-19,0:38:26
2026-05-20,0:00:00
2026-05-21,0:00:30
2026-05-22,0:00:00
2026-05-23,0:00:00
2026-05-24,0:13:16
2026-05-25,0:10:58
2026-05-26,0:07:11
2026-05-27,0:15:44
2026-05-28,0:16:26
2026-05-29,0:06:30
2026-05-30,0:12:51
2026-05-31,0:11:03
2026-06-01,0:09:19
2026-06-02,0:07:22
2026-06-03,0:14:57
2026-06-04,0:14:15
2026-06-05,0:03:25
2026-06-06,0:15:42
2026-06-07,0:35:16
2026-06-08,0:19:24
2026-06-09,0:01:29
2026-06-10,0:03:35
2026-06-11,0:01:10
2026-06-12,0:07:44
2026-06-13,
2026-06-14,
2026-06-15,0:24:03
2026-06-16,0:00:09
2026-06-17,0:03:23
2026-06-18,0:00:33
2026-06-19,0:07:19
2026-06-20,0:06:23
2026-06-21,0:03:52
2026-06-22,0:07:26
2026-06-23,0:14:14
2026-06-24,0:00:06
2026-06-25,
2026-06-26,0:26:31
2026-06-27,0:07:03
2026-06-28,0:00:03
2026-06-29,0:00:26
2026-06-30,0:05:39
2026-07-01,0:01:25
2026-07-02,0:13:33
2026-07-03,0:32:00
2026-07-04,0:09:35
2026-07-05,
2026-07-06,
2026-07-07,0:10:42
2026-07-08,0:21:36
2026-07-09,0:20:09
2026-07-10,
2026-07-11,0:00:30
2026-07-12,0:22:25
2026-07-13,0:00:12
2026-07-14,0:01:43
2026-07-15,
2026-07-16,
2026-07-17,0:00:04
2026-07-18,0:02:12
2026-07-19,0:21:28
2026-07-20,0:18:57
2026-07-21,0:09:17
2026-07-22,0:16:54
2026-07-23,0:14:27
2026-07-24,0:03:41
2026-07-25,0:04:50
2026-07-26,0:06:21
2026-07-27,0:04:51
2026-07-28,0:06:13
2026-07-29,0:07:42
2026-07-30,0:00:00
2026-07-31,0:00:09
2026-08-01,
2026-08-02,0:01:19
2026-08-03,
2026-08-04,0:15:29
2026-08-05,
2026-08-06,
2026-08-07,
2026-08-08,0:00:00
2026-08-09,0:00:11
2026-08-10,
2026-08-11,
2026-08-12,0:03:00
2026-08-13,0:20:44
2026-08-14,0:07:07
2026-08-15,0:32:56
2026-08-16,0:22:05
2026-08-17,0:22:34
2026-08-18,0:00:01
2026-08-19,1:02:20
2026-08-20,0:24:49
2026-08-21,0:21:18
2026-08-22,0:23:43
2026-08-23,0:02:00
2026-08-24,0:22:49
2026-08-25,0:31:47
2026-08-26,0:07:36
2026-08-27,0:11:32
2026-08-28,0:10:35
2026-08-29,0:08:44
2026-08-30,0:00:52
2026-08-31,0:07:21
2026-09-01,0:35:37
2026-09-02,0:13:27
2026-09-03,0:13:25
2026-09-04,0:18:05
2026-09-05,0:13:00
2026-09-06,0:03:55
2026-09-07,0:22:40
2026-09-08,0:00:28
2026-09-09,0:04:27
2026-09-10,0:06:24
