Date,Subscribers
2026-02-22,1
2026-02-23,10
2026-02-24,12
2026-02-25,13
2026-02-26,14
2026-02-27,15
2026-02-28,16
2026-03-02,19
2026-03-03,23
2026-03-04,23
2026-03-05,24
2026-03-06,25
2026-03-07,25
2026-03-08,25
2026-03-09,26
2026-03-10,26
2026-03-11,26
2026-03-12,26
2026-03-14,28
2026-03-16,28
2026-03-17,30
2026-03-18,31
2026-03-19,31
2026-03-20,31
2026-03-21,31
2026-03-22,31
2026-03-23,31
2026-03-24,31
2026-03-25,31
2026-03-26,31
2026-03-27,33
2026-03-28,33
2026-03-29,34
2026-03-30,34
2026-03-31,34
2026-04-01,34
2026-04-04,34
2026-04-05,34
2026-04-06,34
2026-04-07,34
2026-04-09,34
2026-04-10,39
2026-04-11,40
2026-04-12,40
2026-04-13,40
2026-04-15,40
2026-04-16,40
2026-04-22,41
2026-04-23,41
2026-04-24,41
2026-04-27,41
2026-04-29,41
2026-05-01,41
2026-05-04,41
2026-05-05,44
2026-05-10,46
2026-05-13,48
2026-05-14,48
2026-05-16,48
2026-05-19,48
2026-05-21,48
2026-05-24,77
2026-05-25,118
2026-05-26,145
2026-05-27,152
2026-05-28,159
2026-05-29,163
2026-05-30,164
2026-05-31,164
2026-06-01,166
2026-06-02,168
2026-06-03,169
2026-06-04,169
2026-06-05,169
2026-06-06,171
2026-06-07,171
2026-06-08,172
2026-06-09,172
2026-06-10,172
2026-06-11,172
2026-06-12,172
2026-06-15,172
2026-06-16,172
2026-06-17,172
2026-06-18,172
2026-06-19,176
2026-06-20,177
2026-06-21,177
2026-06-22,177
2026-06-23,177
2026-06-24,177
2026-06-26,177
2026-06-27,177
2026-06-28,177
2026-06-29,177
2026-06-30,177
2026-07-01,176
2026-07-02,176
2026-07-03,176
2026-07-04,176
2026-07-05,177
2026-07-07,177
2026-07-08,179
2026-07-09,179
2026-07-10,178
2026-07-11,178
2026-07-12,178
2026-07-13,178
2026-07-14,178
2026-07-17,178
2026-07-18,178
2026-07-19,178
2026-07-20,178
2026-07-21,178
2026-07-22,178
2026-07-23,178
2026-07-24,179
2026-07-25,179
2026-07-26,179
2026-07-27,180
2026-07-28,181
2026-07-29,181
2026-07-31,181
2026-08-01,182
2026-08-02,182
2026-08-04,183
2026-08-09,183
2026-08-12,183
2026-08-13,184
2026-08-14,184
2026-08-15,184
2026-08-16,185
2026-08-17,185
2026-08-18,185
2026-08-19,185
2026-08-20,186
2026-08-21,186
2026-08-22,186
2026-08-23,186
2026-08-24,186
2026-08-25,187
2026-08-26,187
2026-08-27,187
2026-08-28,187
2026-08-29,189
2026-08-30,190
2026-08-31,190
2026-09-01,190
2026-09-02,190
2026-09-03,191
2026-09-04,191
2026-09-05,192
2026-09-06,192
2026-09-07,192
2026-09-08,192
2026-09-09,193
2026-09-10,194
